signal_id,signal_date,signal_type,symbol,company,signal_close,signal_open,signal_high,signal_low,signal_volume,signal_vol_ratio,signal_ema9,signal_ema21,signal_ema50,signal_ema200,signal_rsi,signal_macd_above,signal_supertrend,signal_delivery_pct,signal_dow_phase,signal_conviction_score,signal_conviction_band,signal_pa_score,signal_trend_score,signal_volume_score,signal_delivery_score,signal_rsi_score,signal_macd_score,signal_st_score,last_updated,days_since_signal,current_close,pct_return,abs_return,max_high_since,max_pct_gain,min_low_since,max_pct_drawdown,ema_still_aligned,cross_back_date,current_conviction,current_rsi,current_delivery_pct,ribbon_active,status,atr_on_signal,suggested_stop,suggested_target_1,suggested_target_2,stop_hit,target1_hit,target2_hit,days_aligned,exit_reason
ADANIPORTS_EMA21x50_20260419,2026-04-19 00:00:00,EMA21x50,ADANIPORTS,Adani Ports and Special Economic Zone Ltd.,1573.4,1559.0,1578.5,1549.2,6024587,1.53,1485.5,1446.09,1444.68,1423.21,67.32,True,True,63.25,Bull: Distribution,84.5,High,18.0,18.0,11.0,14.0,10.0,8.5,5.0,2026-04-21,1,1594.1,1.32,20.7,1594.1,1.32,1549.2,-1.54,True,,84.5,67.32,63.25,False,Active,51.65,1556.43,1591.43,1730.74,False,True,False,3,
ZYDUSLIFE_EMA21x50_20260419,2026-04-19 00:00:00,EMA21x50,ZYDUSLIFE,Zydus Lifesciences Ltd.,943.95,940.0,948.0,935.0,504613,0.72,917.93,905.21,903.72,926.96,64.41,True,True,52.35,Consolidation,71.5,Moderate,16.0,16.0,5.0,11.0,10.0,8.5,5.0,2026-04-21,1,928.6,-1.63,-15.35,948.0,0.43,928.6,-1.63,True,,71.5,64.41,52.35,False,Active,23.86,852.44,1032.91,1051.19,False,False,False,3,
JSWSTEEL_EMA21x50_20260419,2026-04-19 00:00:00,EMA21x50,JSWSTEEL,JSW Steel Ltd.,1240.3,1213.0,1242.3,1198.6,1875945,0.84,1202.87,1187.68,1187.67,1137.46,60.67,True,True,46.06,Consolidation,68.5,Moderate,18.0,16.0,5.0,6.0,10.0,8.5,5.0,2026-04-21,1,1279.6,3.17,39.3,1279.6,3.17,1198.6,-3.36,True,,68.5,60.67,46.06,False,Active,33.21,1229.11,1256.69,1289.91,False,True,False,3,
SHRIRAMFIN_EMA21x50_20260419,2026-04-19 00:00:00,EMA21x50,SHRIRAMFIN,Shriram Finance Ltd.,1036.95,1022.0,1039.5,1013.15,4345572,0.48,1001.06,986.01,985.01,857.87,57.19,True,True,50.68,Consolidation,64.0,Moderate,15.5,16.0,3.0,6.0,10.0,8.5,5.0,2026-04-21,1,1045.3,0.81,8.35,1045.3,0.81,1013.15,-2.3,True,,64.0,57.19,50.68,False,Active,43.5,1015.71,1084.19,1140.64,False,False,False,3,
AXISBANK_EMA21x50_20260419,2026-04-19 00:00:00,EMA21x50,AXISBANK,Axis Bank Ltd.,1359.1,1353.0,1364.3,1344.1,4062181,0.46,1322.4,1291.88,1288.16,1238.42,62.61,True,True,59.96,Consolidation,63.0,Moderate,12.5,16.0,6.0,9.0,8.0,6.5,5.0,2026-04-21,1,1377.7,1.37,18.6,1377.7,1.37,1344.1,-1.1,True,,63.0,62.61,59.96,False,Active,41.75,1332.7,1412.6,1424.0,False,False,False,3,
BAJAJ-AUTO_EMA21x50_20260419,2026-04-19 00:00:00,EMA21x50,BAJAJ-AUTO,Bajaj Auto Ltd.,9773.5,9810.0,9830.0,9722.0,264575,0.63,9589.99,9412.77,9393.49,9110.95,60.13,True,True,52.74,Consolidation,62.0,Moderate,12.5,16.0,7.0,8.0,7.0,6.5,5.0,2026-04-21,1,9793.0,0.2,19.5,9830.0,0.58,9722.0,-0.53,True,,62.0,60.13,52.74,False,Active,252.82,9697.85,9850.15,10097.35,False,False,False,3,
BOSCHLTD_EMA21x50_20260419,2026-04-19 00:00:00,EMA21x50,BOSCHLTD,Bosch Ltd.,37505.0,37445.0,37935.0,37200.0,28289,0.38,35964.5,34330.85,34201.32,35089.44,67.9,True,True,25.64,Consolidation,61.5,Moderate,14.0,16.0,6.0,5.0,9.0,6.5,5.0,2026-04-21,1,38100.0,1.59,595.0,38100.0,1.59,37200.0,-0.81,True,,61.5,67.9,25.64,False,Active,1331.43,34435.71,40454.29,41255.5,False,False,False,3,
JIOFIN_EMA9x21_20260419,2026-04-19 00:00:00,EMA9x21,JIOFIN,Jio Financial Services Ltd.,243.86,242.02,245.5,240.64,51452520,2.42,240.26,239.81,248.35,276.2,52.23,True,True,62.37,Consolidation,65.0,Moderate,11.0,12.0,11.0,13.0,8.5,7.5,2.0,2026-04-21,1,234.75,-3.74,-9.11,245.5,0.67,234.75,-3.74,True,,65.0,52.23,62.37,False,Active,7.79,225.15,254.35,273.2,False,False,False,3,
LODHA_EMA9x21_20260419,2026-04-19 00:00:00,EMA9x21,LODHA,Lodha Developers Ltd.,872.55,877.3,878.7,857.2,2292458,0.44,820.9,814.83,881.06,1063.73,58.96,True,True,38.39,Consolidation,61.0,Moderate,14.5,12.0,6.0,6.0,10.0,7.5,5.0,2026-04-21,1,875.7,0.36,3.15,878.7,0.7,856.55,-1.83,True,,61.0,58.96,38.39,False,Active,36.77,844.94,1034.69,1061.71,False,False,False,3,
ITC_EMA9x21_20260419,2026-04-19 00:00:00,EMA9x21,ITC,ITC Ltd.,306.8,303.85,309.95,303.85,35111203,1.64,301.73,301.68,311.39,356.59,54.57,True,True,47.47,Consolidation,60.5,Moderate,17.5,12.0,9.0,4.0,8.5,7.5,2.0,2026-04-21,1,309.65,0.93,2.85,309.95,1.03,303.85,-0.96,True,,60.5,54.57,47.47,False,Active,5.52,296.68,387.24,424.82,False,False,False,3,
HINDUNILVR_EMA9x21_20260419,2026-04-19 00:00:00,EMA9x21,HINDUNILVR,Hindustan Unilever Ltd.,2240.8,2142.0,2245.0,2133.0,4882697,2.02,2151.97,2148.72,2207.14,2334.17,60.24,True,True,58.1,Bear: Distribution ⚠ Vol Surge,58.0,Moderate,20.5,10.0,12.0,8.0,10.0,7.5,5.0,2026-04-21,1,2310.7,3.12,69.9,2310.7,3.12,2133.0,-4.81,True,,58.0,60.24,58.1,False,Active,58.14,2201.17,2597.91,2464.88,False,False,False,3,
MARUTI_EMA9x21_20260419,2026-04-19 00:00:00,EMA9x21,MARUTI,Maruti Suzuki India Ltd.,13453.0,13300.0,13647.0,13256.0,549308,0.87,13246.39,13227.38,13813.28,14352.83,52.1,True,True,46.75,Consolidation,48.0,Low,11.0,11.0,5.0,4.0,8.5,5.5,3.0,2026-04-21,1,13461.0,0.06,8.0,13647.0,1.44,13256.0,-1.46,True,,48.0,52.1,46.75,False,Active,421.57,13027.62,15198.38,15769.62,False,False,False,3,
ONGC_PBtoEMA21_20260419,2026-04-19 00:00:00,PBtoEMA21,ONGC,Oil & Natural Gas Corporation Ltd.,284.05,283.4,285.5,282.2,17846605,0.7,284.52,280.59,271.73,249.98,57.07,False,True,66.57,Consolidation,56.7,Moderate,9.7,15.0,6.0,12.0,7.0,2.0,5.0,2026-04-21,1,283.1,-0.33,-0.95,285.5,0.51,282.2,-0.65,True,,56.7,57.07,66.57,False,Active,7.74,281.93,290.72,294.13,False,False,False,3,
ADANIPORTS_RibbonNew_20260419,2026-04-19 00:00:00,RibbonNew,ADANIPORTS,Adani Ports and Special Economic Zone Ltd.,1573.4,1559.0,1578.5,1549.2,6024587,1.53,1485.5,1446.09,1444.68,1423.21,67.32,True,True,63.25,Bull: Distribution,84.5,High,18.0,18.0,11.0,14.0,10.0,8.5,5.0,2026-04-21,1,1594.1,1.32,20.7,1594.1,1.32,1549.2,-1.54,True,,84.5,67.32,63.25,False,Active,51.65,1556.43,1591.43,1730.74,False,True,False,3,
DMART_RibbonNew_20260419,2026-04-19 00:00:00,RibbonNew,DMART,Avenue Supermarts Ltd.,4628.5,4446.0,4644.0,4435.1,1366449,1.13,4421.3,4241.69,4064.54,4048.04,71.86,True,True,52.07,Consolidation,75.5,High,20.0,16.0,8.0,10.0,8.0,8.5,5.0,2026-04-21,1,4589.4,-0.84,-39.1,4644.0,0.33,4435.1,-4.18,True,,75.5,71.86,52.07,False,Active,164.49,4387.45,4796.45,4839.55,False,False,False,3,
JSWSTEEL_RibbonNew_20260419,2026-04-19 00:00:00,RibbonNew,JSWSTEEL,JSW Steel Ltd.,1240.3,1213.0,1242.3,1198.6,1875945,0.84,1202.87,1187.68,1187.67,1137.46,60.67,True,True,46.06,Consolidation,68.5,Moderate,18.0,16.0,5.0,6.0,10.0,8.5,5.0,2026-04-21,1,1279.6,3.17,39.3,1279.6,3.17,1198.6,-3.36,True,,68.5,60.67,46.06,False,Active,33.21,1229.11,1256.69,1289.91,False,True,False,3,
SHRIRAMFIN_RibbonNew_20260419,2026-04-19 00:00:00,RibbonNew,SHRIRAMFIN,Shriram Finance Ltd.,1036.95,1022.0,1039.5,1013.15,4345572,0.48,1001.06,986.01,985.01,857.87,57.19,True,True,50.68,Consolidation,64.0,Moderate,15.5,16.0,3.0,6.0,10.0,8.5,5.0,2026-04-21,1,1045.3,0.81,8.35,1045.3,0.81,1013.15,-2.3,True,,64.0,57.19,50.68,False,Active,43.5,1015.71,1084.19,1140.64,False,False,False,3,
ADANIPORTS_EMA21x50_20260420,2026-04-20,EMA21x50,ADANIPORTS,Adani Ports and Special Economic Zone Ltd.,1573.4,1559.0,1578.5,1549.2,6024587,1.53,1485.5,1446.09,1444.68,1423.21,67.32,True,True,63.25,Bull: Distribution,84.5,High,18.0,18.0,11.0,14.0,10.0,8.5,5.0,2026-04-21,1,1594.1,1.32,20.7,1594.1,1.32,1549.2,-1.54,True,,84.5,67.32,63.25,False,Active,51.65,1556.43,1591.43,1730.74,False,True,False,3,
ZYDUSLIFE_EMA21x50_20260420,2026-04-20,EMA21x50,ZYDUSLIFE,Zydus Lifesciences Ltd.,943.95,940.0,948.0,935.0,504613,0.72,917.93,905.21,903.72,926.96,64.41,True,True,52.35,Consolidation,71.5,Moderate,16.0,16.0,5.0,11.0,10.0,8.5,5.0,2026-04-21,1,928.6,-1.63,-15.35,948.0,0.43,928.6,-1.63,True,,71.5,64.41,52.35,False,Active,23.86,852.44,1032.91,1051.19,False,False,False,3,
JSWSTEEL_EMA21x50_20260420,2026-04-20,EMA21x50,JSWSTEEL,JSW Steel Ltd.,1240.3,1213.0,1242.3,1198.6,1875945,0.84,1202.87,1187.68,1187.67,1137.46,60.67,True,True,46.06,Consolidation,68.5,Moderate,18.0,16.0,5.0,6.0,10.0,8.5,5.0,2026-04-21,1,1279.6,3.17,39.3,1279.6,3.17,1198.6,-3.36,True,,68.5,60.67,46.06,False,Active,33.21,1229.11,1256.69,1289.91,False,True,False,3,
SHRIRAMFIN_EMA21x50_20260420,2026-04-20,EMA21x50,SHRIRAMFIN,Shriram Finance Ltd.,1036.95,1022.0,1039.5,1013.15,4345572,0.48,1001.06,986.01,985.01,857.87,57.19,True,True,50.68,Consolidation,64.0,Moderate,15.5,16.0,3.0,6.0,10.0,8.5,5.0,2026-04-21,1,1045.3,0.81,8.35,1045.3,0.81,1013.15,-2.3,True,,64.0,57.19,50.68,False,Active,43.5,1015.71,1084.19,1140.64,False,False,False,3,
AXISBANK_EMA21x50_20260420,2026-04-20,EMA21x50,AXISBANK,Axis Bank Ltd.,1359.1,1353.0,1364.3,1344.1,4062181,0.46,1322.4,1291.88,1288.16,1238.42,62.61,True,True,59.96,Consolidation,63.0,Moderate,12.5,16.0,6.0,9.0,8.0,6.5,5.0,2026-04-21,1,1377.7,1.37,18.6,1377.7,1.37,1344.1,-1.1,True,,63.0,62.61,59.96,False,Active,41.75,1332.7,1412.6,1424.0,False,False,False,3,
BAJAJ-AUTO_EMA21x50_20260420,2026-04-20,EMA21x50,BAJAJ-AUTO,Bajaj Auto Ltd.,9773.5,9810.0,9830.0,9722.0,264575,0.63,9589.99,9412.77,9393.49,9110.95,60.13,True,True,52.74,Consolidation,62.0,Moderate,12.5,16.0,7.0,8.0,7.0,6.5,5.0,2026-04-21,1,9793.0,0.2,19.5,9830.0,0.58,9722.0,-0.53,True,,62.0,60.13,52.74,False,Active,252.82,9697.85,9850.15,10097.35,False,False,False,3,
BOSCHLTD_EMA21x50_20260420,2026-04-20,EMA21x50,BOSCHLTD,Bosch Ltd.,37505.0,37445.0,37935.0,37200.0,28289,0.38,35964.5,34330.85,34201.32,35089.44,67.9,True,True,25.64,Consolidation,61.5,Moderate,14.0,16.0,6.0,5.0,9.0,6.5,5.0,2026-04-21,1,38100.0,1.59,595.0,38100.0,1.59,37200.0,-0.81,True,,61.5,67.9,25.64,False,Active,1331.43,34435.71,40454.29,41255.5,False,False,False,3,
JIOFIN_EMA9x21_20260420,2026-04-20,EMA9x21,JIOFIN,Jio Financial Services Ltd.,243.86,242.02,245.5,240.64,51452520,2.42,240.26,239.81,248.35,276.2,52.23,True,True,62.37,Consolidation,65.0,Moderate,11.0,12.0,11.0,13.0,8.5,7.5,2.0,2026-04-21,1,234.75,-3.74,-9.11,245.5,0.67,234.75,-3.74,True,,65.0,52.23,62.37,False,Active,7.79,225.15,254.35,273.2,False,False,False,3,
LODHA_EMA9x21_20260420,2026-04-20,EMA9x21,LODHA,Lodha Developers Ltd.,872.55,877.3,878.7,857.2,2292458,0.44,820.9,814.83,881.06,1063.73,58.96,True,True,38.39,Consolidation,61.0,Moderate,14.5,12.0,6.0,6.0,10.0,7.5,5.0,2026-04-21,1,875.7,0.36,3.15,878.7,0.7,856.55,-1.83,True,,61.0,58.96,38.39,False,Active,36.77,844.94,1034.69,1061.71,False,False,False,3,
ITC_EMA9x21_20260420,2026-04-20,EMA9x21,ITC,ITC Ltd.,306.8,303.85,309.95,303.85,35111203,1.64,301.73,301.68,311.39,356.59,54.57,True,True,47.47,Consolidation,60.5,Moderate,17.5,12.0,9.0,4.0,8.5,7.5,2.0,2026-04-21,1,309.65,0.93,2.85,309.95,1.03,303.85,-0.96,True,,60.5,54.57,47.47,False,Active,5.52,296.68,387.24,424.82,False,False,False,3,
HINDUNILVR_EMA9x21_20260420,2026-04-20,EMA9x21,HINDUNILVR,Hindustan Unilever Ltd.,2240.8,2142.0,2245.0,2133.0,4882697,2.02,2151.97,2148.72,2207.14,2334.17,60.24,True,True,58.1,Bear: Distribution ⚠ Vol Surge,58.0,Moderate,20.5,10.0,12.0,8.0,10.0,7.5,5.0,2026-04-21,1,2310.7,3.12,69.9,2310.7,3.12,2133.0,-4.81,True,,58.0,60.24,58.1,False,Active,58.14,2201.17,2597.91,2464.88,False,False,False,3,
MARUTI_EMA9x21_20260420,2026-04-20,EMA9x21,MARUTI,Maruti Suzuki India Ltd.,13453.0,13300.0,13647.0,13256.0,549308,0.87,13246.39,13227.38,13813.28,14352.83,52.1,True,True,46.75,Consolidation,48.0,Low,11.0,11.0,5.0,4.0,8.5,5.5,3.0,2026-04-21,1,13461.0,0.06,8.0,13647.0,1.44,13256.0,-1.46,True,,48.0,52.1,46.75,False,Active,421.57,13027.62,15198.38,15769.62,False,False,False,3,
ONGC_PBtoEMA21_20260420,2026-04-20,PBtoEMA21,ONGC,Oil & Natural Gas Corporation Ltd.,284.05,283.4,285.5,282.2,17846605,0.7,284.52,280.59,271.73,249.98,57.07,False,True,66.57,Consolidation,56.7,Moderate,9.7,15.0,6.0,12.0,7.0,2.0,5.0,2026-04-21,1,283.1,-0.33,-0.95,285.5,0.51,282.2,-0.65,True,,56.7,57.07,66.57,False,Active,7.74,281.93,290.72,294.13,False,False,False,3,
ADANIPORTS_RibbonNew_20260420,2026-04-20,RibbonNew,ADANIPORTS,Adani Ports and Special Economic Zone Ltd.,1573.4,1559.0,1578.5,1549.2,6024587,1.53,1485.5,1446.09,1444.68,1423.21,67.32,True,True,63.25,Bull: Distribution,84.5,High,18.0,18.0,11.0,14.0,10.0,8.5,5.0,2026-04-21,1,1594.1,1.32,20.7,1594.1,1.32,1549.2,-1.54,True,,84.5,67.32,63.25,False,Active,51.65,1556.43,1591.43,1730.74,False,True,False,3,
DMART_RibbonNew_20260420,2026-04-20,RibbonNew,DMART,Avenue Supermarts Ltd.,4628.5,4446.0,4644.0,4435.1,1366449,1.13,4421.3,4241.69,4064.54,4048.04,71.86,True,True,52.07,Consolidation,75.5,High,20.0,16.0,8.0,10.0,8.0,8.5,5.0,2026-04-21,1,4589.4,-0.84,-39.1,4644.0,0.33,4435.1,-4.18,True,,75.5,71.86,52.07,False,Active,164.49,4387.45,4796.45,4839.55,False,False,False,3,
JSWSTEEL_RibbonNew_20260420,2026-04-20,RibbonNew,JSWSTEEL,JSW Steel Ltd.,1240.3,1213.0,1242.3,1198.6,1875945,0.84,1202.87,1187.68,1187.67,1137.46,60.67,True,True,46.06,Consolidation,68.5,Moderate,18.0,16.0,5.0,6.0,10.0,8.5,5.0,2026-04-21,1,1279.6,3.17,39.3,1279.6,3.17,1198.6,-3.36,True,,68.5,60.67,46.06,False,Active,33.21,1229.11,1256.69,1289.91,False,True,False,3,
SHRIRAMFIN_RibbonNew_20260420,2026-04-20,RibbonNew,SHRIRAMFIN,Shriram Finance Ltd.,1036.95,1022.0,1039.5,1013.15,4345572,0.48,1001.06,986.01,985.01,857.87,57.19,True,True,50.68,Consolidation,64.0,Moderate,15.5,16.0,3.0,6.0,10.0,8.5,5.0,2026-04-21,1,1045.3,0.81,8.35,1045.3,0.81,1013.15,-2.3,True,,64.0,57.19,50.68,False,Active,43.5,1015.71,1084.19,1140.64,False,False,False,3,
RECLTD_EMA21x50_20260420,2026-04-20,EMA21x50,RECLTD,REC Ltd.,382.7,373.35,384.55,366.45,12043689,1.23,357.39,345.63,343.7,359.75,70.54,True,True,46.59,Consolidation,70.5,Moderate,16.0,16.0,11.0,6.0,8.0,8.5,5.0,2026-04-21,1,383.35,0.17,0.65,384.55,0.48,366.45,-4.25,True,,70.5,70.54,46.59,False,Active,12.92,367.45,386.55,420.97,False,False,False,2,
TVSMOTOR_EMA21x50_20260420,2026-04-20,EMA21x50,TVSMOTOR,TVS Motor Company Ltd.,3761.9,3735.8,3782.0,3701.1,724613,0.78,3706.3,3642.22,3637.0,3424.64,57.18,True,True,60.87,Bull: Accumulation ✓ Vol Surge,64.0,Moderate,11.5,18.0,4.0,12.0,7.0,6.5,5.0,2026-04-21,1,3752.7,-0.24,-9.2,3782.0,0.53,3701.1,-1.62,True,,64.0,57.18,60.87,False,Active,113.72,3254.16,3878.68,3912.09,False,False,False,2,
SBIN_EMA9x21_20260420,2026-04-20,EMA9x21,SBIN,State Bank of India,1107.85,1080.3,1120.95,1075.85,31179584,1.49,1069.84,1066.67,1073.17,978.76,58.5,True,True,58.64,Consolidation,71.0,Moderate,19.5,12.0,9.0,8.0,10.0,7.5,5.0,2026-04-21,1,1111.85,0.36,4.0,1120.95,1.18,1075.85,-2.89,True,,71.0,58.5,58.64,False,Active,35.46,1069.23,1220.57,1230.43,False,False,False,2,
PIDILITIND_EMA9x21_20260420,2026-04-20,EMA9x21,PIDILITIND,Pidilite Industries Ltd.,1390.5,1395.0,1399.6,1378.7,894803,0.77,1352.2,1351.89,1385.8,1447.96,55.27,True,True,65.4,Consolidation,66.5,Moderate,14.0,12.0,8.0,13.0,10.0,7.5,2.0,2026-04-21,1,1407.8,1.24,17.3,1407.8,1.24,1378.7,-0.85,True,,66.5,55.27,65.4,False,Active,42.94,1360.33,1578.27,1529.55,False,False,False,2,
MAXHEALTH_EMA9x21_20260420,2026-04-20,EMA9x21,MAXHEALTH,Max Healthcare Institute Ltd.,1011.35,1005.15,1022.0,1002.05,2301160,0.73,981.85,980.68,1002.87,1066.98,59.01,True,True,58.12,Consolidation,64.5,Moderate,16.0,11.0,5.0,10.0,10.0,7.5,5.0,2026-04-21,1,1020.25,0.88,8.9,1022.0,1.05,1002.05,-0.92,True,,64.5,59.01,58.12,False,Active,27.55,941.41,1053.77,1305.81,False,False,False,2,
BANKBARODA_EMA9x21_20260420,2026-04-20,EMA9x21,BANKBARODA,Bank of Baroda,281.01,280.5,286.25,277.63,12006723,0.9,275.83,275.47,282.0,273.55,53.38,True,True,41.52,Consolidation,51.0,Low,12.0,12.0,4.0,5.0,7.5,5.5,5.0,2026-04-21,1,284.05,1.08,3.04,286.25,1.86,277.63,-1.2,True,,51.0,53.38,41.52,False,Active,9.48,228.35,293.66,313.14,False,False,False,2,
KOTAKBANK_EMA9x21_20260420,2026-04-20,EMA9x21,KOTAKBANK,Kotak Mahindra Bank Ltd.,379.2,384.1,386.0,378.0,11146713,0.51,376.24,376.12,388.31,405.47,50.49,True,True,60.89,Bear: Distribution ⚠ Vol Surge,49.5,Low,14.5,9.0,5.0,8.0,5.5,5.5,2.0,2026-04-21,1,382.15,0.78,2.95,386.0,1.79,378.0,-0.32,True,,49.5,50.49,60.89,False,Active,10.52,376.49,384.71,461.36,False,False,False,2,
PNB_EMA9x21_20260420,2026-04-20,EMA9x21,PNB,Punjab National Bank,113.74,114.9,115.1,113.34,16688164,0.79,111.8,111.57,114.95,114.79,52.57,True,True,41.52,Bear: Distribution ⚠ Vol Surge,48.0,Low,13.0,10.0,5.0,6.0,6.5,5.5,2.0,2026-04-21,1,114.11,0.33,0.37,115.1,1.2,113.34,-0.35,True,,48.0,52.57,41.52,False,Active,3.82,107.28,114.46,128.78,False,False,False,2,
TVSMOTOR_RibbonNew_20260420,2026-04-20,RibbonNew,TVSMOTOR,TVS Motor Company Ltd.,3761.9,3735.8,3782.0,3701.1,724613,0.78,3706.3,3642.22,3637.0,3424.64,57.18,True,True,60.87,Bull: Accumulation ✓ Vol Surge,64.0,Moderate,11.5,18.0,4.0,12.0,7.0,6.5,5.0,2026-04-21,1,3752.7,-0.24,-9.2,3782.0,0.53,3701.1,-1.62,True,,64.0,57.18,60.87,False,Active,113.72,3254.16,3878.68,3912.09,False,False,False,2,
NESTLEIND_EMA21x50_20260421,2026-04-21,EMA21x50,NESTLEIND,Nestle India Ltd.,1379.9,1298.1,1396.0,1286.8,9585080,4.69,1277.44,1249.29,1248.92,1232.48,75.71,True,True,28.2,Consolidation,73.5,Moderate,19.0,16.0,14.0,3.0,8.0,8.5,5.0,2026-04-21,0,1379.9,0.0,0.0,1396.0,1.17,1286.8,-6.75,True,,73.5,75.71,28.2,False,Active,35.31,1330.67,1448.9,1517.89,False,False,False,1,
MOTHERSON_EMA21x50_20260421,2026-04-21,EMA21x50,MOTHERSON,Samvardhana Motherson International Ltd.,124.7,122.8,126.1,122.6,33673717,1.25,121.08,118.42,118.3,112.25,58.86,True,True,58.71,Bull: Accumulation ✓ Vol Surge,73.0,Moderate,13.5,18.0,9.0,12.0,9.0,6.5,5.0,2026-04-21,0,124.7,-0.0,-0.0,126.1,1.12,122.6,-1.68,True,,73.0,58.86,58.71,False,Active,4.91,116.4,128.79,134.46,False,False,False,1,
TRENT_EMA21x50_20260421,2026-04-21,EMA21x50,TRENT,Trent Ltd.,4390.5,4264.0,4444.5,4242.8,2437947,1.46,4062.67,3887.22,3865.36,4397.05,72.85,True,True,31.09,Consolidation,71.5,Moderate,18.0,16.0,11.0,5.0,8.0,8.5,5.0,2026-04-21,0,4390.5,0.0,0.0,4444.5,1.23,4242.8,-3.36,True,,71.5,72.85,31.09,False,Active,157.21,4360.01,4844.89,5122.19,False,False,False,1,
HDFCAMC_EMA21x50_20260421,2026-04-21,EMA21x50,HDFCAMC,HDFC Asset Management Company Ltd.,2794.0,2754.0,2816.8,2733.9,1593714,1.0,2660.33,2564.84,2555.68,2562.02,64.67,True,True,59.69,Consolidation,66.0,Moderate,15.5,16.0,6.0,7.0,10.0,6.5,5.0,2026-04-21,0,2794.0,0.0,0.0,2816.8,0.82,2733.9,-2.15,True,,66.0,64.67,59.69,False,Active,109.73,2624.62,2886.67,2982.08,False,False,False,1,
LT_EMA21x50_20260421,2026-04-21,EMA21x50,LT,Larsen & Toubro Ltd.,4075.4,4039.0,4091.8,4032.0,2426568,0.61,3994.85,3888.46,3886.13,3829.42,60.12,True,True,67.19,Consolidation,64.0,Moderate,13.5,16.0,5.0,11.0,7.0,6.5,5.0,2026-04-21,0,4075.4,-0.0,-0.0,4091.8,0.4,4032.0,-1.06,True,,64.0,60.12,67.19,False,Active,125.8,3181.67,4246.68,4482.94,False,False,False,1,
HAL_EMA21x50_20260421,2026-04-21,EMA21x50,HAL,Hindustan Aeronautics Ltd.,4358.4,4335.8,4403.7,4335.5,616745,0.41,4206.38,4054.85,4052.52,4273.54,68.51,True,True,49.62,Consolidation,61.0,Moderate,14.5,16.0,6.0,6.0,7.0,6.5,5.0,2026-04-21,0,4358.4,-0.0,-0.0,4403.7,1.04,4335.5,-0.53,True,,61.0,68.51,49.62,False,Active,125.69,4257.49,4421.65,5122.72,False,False,False,1,
UNITDSPR_EMA9x21_20260421,2026-04-21,EMA9x21,UNITDSPR,United Spirits Ltd.,1363.0,1315.0,1367.3,1310.2,2334176,1.45,1289.82,1287.44,1315.48,1360.88,61.04,True,True,55.0,Consolidation,72.0,Moderate,20.5,11.0,11.0,7.0,10.0,7.5,5.0,2026-04-21,0,1363.0,0.0,0.0,1367.3,0.32,1310.2,-3.87,True,,72.0,61.04,55.0,False,Active,35.86,1279.46,1491.75,1570.53,False,False,False,1,
BPCL_EMA9x21_20260421,2026-04-21,EMA9x21,BPCL,Bharat Petroleum Corporation Ltd.,318.05,316.05,320.1,315.1,9934022,0.64,306.49,305.07,320.35,326.06,56.68,True,True,63.31,Consolidation,68.0,Moderate,14.5,11.0,6.0,14.0,10.0,7.5,5.0,2026-04-21,0,318.05,-0.0,-0.0,320.1,0.64,315.1,-0.93,True,,68.0,56.68,63.31,False,Active,11.26,279.2,341.68,355.94,False,False,False,1,
BRITANNIA_EMA9x21_20260421,2026-04-21,EMA9x21,BRITANNIA,Britannia Industries Ltd.,5837.5,5715.0,5864.5,5685.0,270371,0.64,5668.21,5661.79,5754.24,5763.37,57.84,True,True,49.98,Bear: Distribution ⚠ Vol Surge,53.5,Low,15.0,10.0,4.0,5.0,10.0,7.5,2.0,2026-04-21,0,5837.5,0.0,0.0,5864.5,0.46,5685.0,-2.61,True,,53.5,57.84,49.98,False,Active,159.21,5312.88,6359.19,6421.25,False,False,False,1,
BHARTIARTL_EMA9x21_20260421,2026-04-21,EMA9x21,BHARTIARTL,Bharti Airtel Ltd.,1855.0,1830.0,1868.9,1830.0,10485221,1.01,1847.34,1846.42,1885.02,1918.52,50.62,True,True,50.98,Consolidation,50.2,Low,9.2,12.0,7.0,6.0,8.5,5.5,2.0,2026-04-21,0,1855.0,0.0,0.0,1868.9,0.75,1830.0,-1.35,True,,50.2,50.62,50.98,False,Active,41.64,1740.83,2080.17,2118.93,False,False,False,1,
ONGC_PBtoEMA21_20260421,2026-04-21,PBtoEMA21,ONGC,Oil & Natural Gas Corporation Ltd.,283.1,283.15,284.85,282.4,13645344,0.62,284.05,281.05,272.61,250.64,55.65,False,True,69.59,Consolidation,58.5,Moderate,11.5,15.0,4.0,13.0,8.0,2.0,5.0,2026-04-21,0,283.1,0.0,0.0,284.85,0.62,282.4,-0.25,True,,58.5,55.65,69.59,False,Active,6.65,270.36,290.82,294.03,False,False,False,1,
NESTLEIND_RibbonNew_20260421,2026-04-21,RibbonNew,NESTLEIND,Nestle India Ltd.,1379.9,1298.1,1396.0,1286.8,9585080,4.69,1277.44,1249.29,1248.92,1232.48,75.71,True,True,28.2,Consolidation,73.5,Moderate,19.0,16.0,14.0,3.0,8.0,8.5,5.0,2026-04-21,0,1379.9,0.0,0.0,1396.0,1.17,1286.8,-6.75,True,,73.5,75.71,28.2,False,Active,35.31,1330.67,1448.9,1517.89,False,False,False,1,
MOTHERSON_RibbonNew_20260421,2026-04-21,RibbonNew,MOTHERSON,Samvardhana Motherson International Ltd.,124.7,122.8,126.1,122.6,33673717,1.25,121.08,118.42,118.3,112.25,58.86,True,True,58.71,Bull: Accumulation ✓ Vol Surge,73.0,Moderate,13.5,18.0,9.0,12.0,9.0,6.5,5.0,2026-04-21,0,124.7,-0.0,-0.0,126.1,1.12,122.6,-1.68,True,,73.0,58.86,58.71,False,Active,4.91,116.4,128.79,134.46,False,False,False,1,
LT_RibbonNew_20260421,2026-04-21,RibbonNew,LT,Larsen & Toubro Ltd.,4075.4,4039.0,4091.8,4032.0,2426568,0.61,3994.85,3888.46,3886.13,3829.42,60.12,True,True,67.19,Consolidation,64.0,Moderate,13.5,16.0,5.0,11.0,7.0,6.5,5.0,2026-04-21,0,4075.4,-0.0,-0.0,4091.8,0.4,4032.0,-1.06,True,,64.0,60.12,67.19,False,Active,125.8,3181.67,4246.68,4482.94,False,False,False,1,
